/2014/07/12/01/ /2014/07/12/apresentacao
/2014/07/12/01/apresentacao/ /2014/07/12/apresentacao
/2014/07/14/01/ /2014/07/14/remover-hash-dos-links-continuar-a-ler
/2014/07/14/01/remover-hash-dos-links-continuar-a-ler/ /2014/07/14/remover-hash-dos-links-continuar-a-ler
/2014/07/16/01/ /2014/07/16/selecionar-um-intervalo-de-linhas-em-mysql
/2014/07/16/01/selecionar-um-intervalo-de-linhas-em-mysql/ /2014/07/16/selecionar-um-intervalo-de-linhas-em-mysql
/2014/07/17/01/ /2014/07/17/listagem-web-de-uma-tabela-mysql
/2014/07/17/01/listagem-web-de-uma-tabela-mysql/ /2014/07/17/listagem-web-de-uma-tabela-mysql
/2014/07/20/01/ /2014/07/20/chamadas-ajax-com-jquery-e-php
/2014/07/20/01/chamadas-ajax-com-jquery-e-php/ /2014/07/20/chamadas-ajax-com-jquery-e-php
/2014/07/22/01/ /2014/07/22/operador-ternario
/2014/07/22/01/operador-ternario/ /2014/07/22/operador-ternario
/2014/07/23/01/ /2014/07/23/diferencas-entre-igual-identico-php
/2014/07/23/01/diferencas-entre-igual-identico-php/ /2014/07/23/diferencas-entre-igual-identico-php
/2014/07/30/01/ /2014/07/30/criar-identificadores-unicos-php
/2014/07/30/01/criar-identificadores-unicos-php/ /2014/07/30/criar-identificadores-unicos-php
/2014/07/apresentacao/ /2014/07/12/apresentacao
/2014/07/chamadas-ajax-com-jquery-e-php/ /2014/07/20/chamadas-ajax-com-jquery-e-php
/2014/07/criar-identificadores-unicos-php/ /2014/07/30/criar-identificadores-unicos-php
/2014/07/diferencas-entre-igual-identico-php/ /2014/07/23/diferencas-entre-igual-identico-php
/2014/07/listagem-web-de-uma-tabela-mysql/ /2014/07/17/listagem-web-de-uma-tabela-mysql
/2014/07/operador-ternario/ /2014/07/22/operador-ternario
/2014/07/remover-hash-dos-links-continuar-a-ler/ /2014/07/14/remover-hash-dos-links-continuar-a-ler
/2014/07/selecionar-um-intervalo-de-linhas-em-mysql/ /2014/07/16/selecionar-um-intervalo-de-linhas-em-mysql
/2014/08/02/01/ /2014/08/02/wordpress-adicionar-menus-de-administracao
/2014/08/02/01/wordpress-adicionar-menus-de-administracao/ /2014/08/02/wordpress-adicionar-menus-de-administracao
/2014/08/11/01/ /2014/08/11/php-tags-docblocks
/2014/08/11/01/php-tags-docblocks/ /2014/08/11/php-tags-docblocks
/2014/08/14/01/ /2014/08/14/guardar-os-erros-php-num-ficheiro-com-o-htaccess
/2014/08/14/01/guardar-os-erros-php-num-ficheiro-com-o-htaccess/ /2014/08/14/guardar-os-erros-php-num-ficheiro-com-o-htaccess
/2014/08/20/01/ /2014/08/20/como-utilizar-api-passwords-php-55
/2014/08/20/01/como-utilizar-api-passwords-php-55/ /2014/08/20/como-utilizar-api-passwords-php-55
/2014/08/22/01/ /2014/08/22/papers-we-love-um-dos-melhores-repositorios-github
/2014/08/22/01/papers-we-love-um-dos-melhores-repositorios-github/ /2014/08/22/papers-we-love-um-dos-melhores-repositorios-github
/2014/08/27/01/ /2014/08/27/php-devemos-usar-tag-fechamento-ou-nao
/2014/08/27/01/php-devemos-usar-tag-fechamento-ou-nao/ /2014/08/27/php-devemos-usar-tag-fechamento-ou-nao
/2014/08/29/01/ /2014/08/29/truques-dicas-em-php
/2014/08/29/01/truques-dicas-em-php/ /2014/08/29/truques-dicas-em-php
/2014/08/31/01/ /2014/08/31/php-56-funcoes-variadicas-nova-sintaxe
/2014/08/31/01/php-56-funcoes-variadicas-nova-sintaxe/ /2014/08/31/php-56-funcoes-variadicas-nova-sintaxe
/2014/08/como-utilizar-api-passwords-php-55/ /2014/08/20/como-utilizar-api-passwords-php-55
/2014/08/guardar-os-erros-php-num-ficheiro-com-o-htaccess/ /2014/08/14/guardar-os-erros-php-num-ficheiro-com-o-htaccess
/2014/08/papers-we-love-um-dos-melhores-repositorios-github/ /2014/08/22/papers-we-love-um-dos-melhores-repositorios-github
/2014/08/php-56-funcoes-variadicas-nova-sintaxe/ /2014/08/31/php-56-funcoes-variadicas-nova-sintaxe
/2014/08/php-devemos-usar-tag-fechamento-ou-nao/ /2014/08/27/php-devemos-usar-tag-fechamento-ou-nao
/2014/08/php-tags-docblocks/ /2014/08/11/php-tags-docblocks
/2014/08/truques-dicas-em-php/ /2014/08/29/truques-dicas-em-php
/2014/08/wordpress-adicionar-menus-de-administracao/ /2014/08/02/wordpress-adicionar-menus-de-administracao
/2014/09/02/01/ /2014/09/02/git-historia-repositorios-github
/2014/09/02/01/git-historia-repositorios-github/ /2014/09/02/git-historia-repositorios-github
/2014/09/09/01/ /2014/09/09/php-interpolacao-concatenacao
/2014/09/09/01/php-interpolacao-concatenacao/ /2014/09/09/php-interpolacao-concatenacao
/2014/09/13/01/ /2014/09/13/php-wordpress-comandos-printf-sprintf
/2014/09/13/01/php-wordpress-comandos-printf-sprintf/ /2014/09/13/php-wordpress-comandos-printf-sprintf
/2014/09/21/01/ /2014/09/21/php-como-utilizar-o-gettext-para-traducoes
/2014/09/21/01/php-como-utilizar-o-gettext-para-traducoes/ /2014/09/21/php-como-utilizar-o-gettext-para-traducoes
/2014/09/28/01/ /2014/09/28/php-como-utilizar-o-gettext-para-traducoes-parte-2
/2014/09/28/01/php-como-utilizar-o-gettext-para-traducoes-parte-2/ /2014/09/28/php-como-utilizar-o-gettext-para-traducoes-parte-2
/2014/09/git-historia-repositorios-github/ /2014/09/02/git-historia-repositorios-github
/2014/09/php-como-utilizar-o-gettext-para-traducoes-parte-2/ /2014/09/28/php-como-utilizar-o-gettext-para-traducoes-parte-2
/2014/09/php-como-utilizar-o-gettext-para-traducoes/ /2014/09/21/php-como-utilizar-o-gettext-para-traducoes
/2014/09/php-interpolacao-concatenacao/ /2014/09/09/php-interpolacao-concatenacao
/2014/09/php-wordpress-comandos-printf-sprintf/ /2014/09/13/php-wordpress-comandos-printf-sprintf
/2014/11/07/01/ /2014/11/07/the-society-and-the-objects
/2014/11/07/01/the-society-and-the-objects/ /2014/11/07/the-society-and-the-objects
/2014/11/14/01/ /2014/11/14/portugal-beautiful-country
/2014/11/14/01/portugal-beautiful-country/ /2014/11/14/portugal-beautiful-country
/2014/11/22/01/ /2014/11/22/mvc-uma-breve-explicacao
/2014/11/22/01/mvc-uma-breve-explicacao/ /2014/11/22/mvc-uma-breve-explicacao
/2014/11/mvc-uma-breve-explicacao/ /2014/11/22/mvc-uma-breve-explicacao
/2014/11/portugal-beautiful-country/ /2014/11/14/portugal-beautiful-country
/2014/11/the-society-and-the-objects/ /2014/11/07/the-society-and-the-objects
/2014/12/18/01/ /2014/12/18/mvc-linguagem-php
/2014/12/18/01/mvc-linguagem-php/ /2014/12/18/mvc-linguagem-php
/2014/12/19/01/ /2014/12/19/mvc-linguagem-php-ii
/2014/12/19/01/mvc-linguagem-php-ii/ /2014/12/19/mvc-linguagem-php-ii
/2014/12/20/01/ /2014/12/20/mvc-linguagem-php-iii
/2014/12/20/01/mvc-linguagem-php-iii/ /2014/12/20/mvc-linguagem-php-iii
/2014/12/21/01/ /2014/12/21/mvc-linguagem-php-iv
/2014/12/21/01/mvc-linguagem-php-iv/ /2014/12/21/mvc-linguagem-php-iv
/2014/12/mvc-linguagem-php-ii/ /2014/12/19/mvc-linguagem-php-ii
/2014/12/mvc-linguagem-php-iii/ /2014/12/20/mvc-linguagem-php-iii
/2014/12/mvc-linguagem-php-iv/ /2014/12/21/mvc-linguagem-php-iv
/2014/12/mvc-linguagem-php/ /2014/12/18/mvc-linguagem-php
/2015/01/26/01/ /2015/01/26/postura-perante-matematica
/2015/01/26/01/postura-perante-matematica/ /2015/01/26/postura-perante-matematica
/2015/01/postura-perante-matematica/ /2015/01/26/postura-perante-matematica
/2015/02/11/01/ /2015/02/11/i-have-moved-again
/2015/02/11/01/i-have-moved-again/ /2015/02/11/i-have-moved-again
/2015/02/28/01/ /2015/02/28/o-rei-que-tudo-perdeu
/2015/02/28/01/o-rei-que-tudo-perdeu/ /2015/02/28/o-rei-que-tudo-perdeu
/2015/02/i-have-moved-again/ /2015/02/11/i-have-moved-again
/2015/02/o-rei-que-tudo-perdeu/ /2015/02/28/o-rei-que-tudo-perdeu
/2015/03/13/01/ /2015/03/13/technology-good-bad
/2015/03/13/01/technology-good-bad/ /2015/03/13/technology-good-bad
/2015/03/15/01/ /2015/03/15/pi-day-2015
/2015/03/15/01/pi-day-2015/ /2015/03/15/pi-day-2015
/2015/03/31/01/ /2015/03/31/how-to-create-a-node-js-command-line-application
/2015/03/31/01/how-to-create-a-node-js-command-line-application/ /2015/03/31/how-to-create-a-node-js-command-line-application
/2015/03/how-to-create-a-node-js-command-line-application/ /2015/03/31/how-to-create-a-node-js-command-line-application
/2015/03/pi-day-2015/ /2015/03/15/pi-day-2015
/2015/03/technology-good-bad/ /2015/03/13/technology-good-bad
/2015/04/06/01/ /2015/04/06/3-things-i-would-like-to-be
/2015/04/06/01/3-things-i-would-like-to-be/ /2015/04/06/3-things-i-would-like-to-be
/2015/04/3-things-i-would-like-to-be/ /2015/04/06/3-things-i-would-like-to-be
/2015/06/10/01/ /2014/07/28/php-diferencas-operadores-logicos-precedencia
/2015/06/10/01/php-diferencas-operadores-logicos-precedencia/ /2014/07/28/php-diferencas-operadores-logicos-precedencia
/2015/06/10/02/ /2014/08/04/wordpress-adicionar-menus-de-administracao-parte-2
/2015/06/10/02/wordpress-adicionar-menus-de-administracao-parte-2/ /2014/08/04/wordpress-adicionar-menus-de-administracao-parte-2
/2015/06/php-diferencas-operadores-logicos-precedencia/ /2014/07/28/php-diferencas-operadores-logicos-precedencia
/2015/06/wordpress-adicionar-menus-de-administracao-parte-2/ /2014/08/04/wordpress-adicionar-menus-de-administracao-parte-2
/2015/07/12/01/ /2015/07/12/imperfections-make-us-perfect
/2015/07/12/01/imperfections-make-us-perfect/ /2015/07/12/imperfections-make-us-perfect
/2015/07/27/01/ /2015/07/27/stop-complaining-do
/2015/07/27/01/stop-complaining-do/ /2015/07/27/stop-complaining-do
/2015/07/imperfections-make-us-perfect/ /2015/07/12/imperfections-make-us-perfect
/2015/07/stop-complaining-do/ /2015/07/27/stop-complaining-do
/2015/08/12/01/ /2015/08/12/farewell-wordpress-hello-hugo
/2015/08/12/01/farewell-wordpress-hello-hugo/ /2015/08/12/farewell-wordpress-hello-hugo
/2015/08/19/01/ /2015/08/19/something-about-future
/2015/08/19/01/something-about-future/ /2015/08/19/something-about-future
/2015/08/26/01/ /2015/08/26/portugal-amazing-country
/2015/08/26/01/portugal-amazing-country/ /2015/08/26/portugal-amazing-country
/2015/08/farewell-wordpress-hello-hugo/ /2015/08/12/farewell-wordpress-hello-hugo
/2015/08/portugal-amazing-country/ /2015/08/26/portugal-amazing-country
/2015/08/something-about-future/ /2015/08/19/something-about-future
/2015/09/11/01/ /2015/09/11/the-first-day-at-your-brand-new-job
/2015/09/11/01/the-first-day-at-your-brand-new-job/ /2015/09/11/the-first-day-at-your-brand-new-job
/2015/09/the-first-day-at-your-brand-new-job/ /2015/09/11/the-first-day-at-your-brand-new-job
/2015/11/14/01/ /2015/11/14/intermittent-threads
/2015/11/14/01/intermittent-threads/ /2015/11/14/intermittent-threads
/2015/11/14/02/ /2015/11/14/uncertain-state
/2015/11/14/02/uncertain-state/ /2015/11/14/uncertain-state
/2015/11/15/01/ /2015/11/15/verdades-incognitas
/2015/11/15/01/verdades-incognitas/ /2015/11/15/verdades-incognitas
/2015/11/intermittent-threads/ /2015/11/14/intermittent-threads
/2015/11/uncertain-state/ /2015/11/14/uncertain-state
/2015/11/verdades-incognitas/ /2015/11/15/verdades-incognitas
/2015/12/31/01/ /2015/12/31/new-year-resolutions-2016
/2015/12/31/01/new-year-resolutions-2016/ /2015/12/31/new-year-resolutions-2016
/2015/12/new-year-resolutions-2016/ /2015/12/31/new-year-resolutions-2016
/2016/03/05/01/ /2016/03/05/hello-world
/2016/03/05/01/hello-world/ /2016/03/05/hello-world
/2016/03/hello-world/ /2016/03/05/hello-world
/2016/11/01/01/ /2016/11/01/differences-c-plus-sharp
/2016/11/01/01/differences-c-plus-sharp/ /2016/11/01/differences-c-plus-sharp
/2016/11/10/01/ /2016/11/10/fundamentals-programming-beginning
/2016/11/10/01/fundamentals-programming-beginning/ /2016/11/10/fundamentals-programming-beginning
/2016/11/11/01/ /2016/11/11/fundamentals-programming-constants-variables
/2016/11/11/01/fundamentals-programming-constants-variables/ /2016/11/11/fundamentals-programming-constants-variables
/2016/11/12/01/ /2016/11/12/fundamentals-programming-paradigms
/2016/11/12/01/fundamentals-programming-paradigms/ /2016/11/12/fundamentals-programming-paradigms
/2016/11/14/01/ /2016/11/14/fundamentals-programming-language-c
/2016/11/14/01/fundamentals-programming-language-c/ /2016/11/14/fundamentals-programming-language-c
/2016/11/15/01/ /2016/11/15/fundamentals-programming-data-types-i
/2016/11/15/01/fundamentals-programming-data-types-i/ /2016/11/15/fundamentals-programming-data-types-i
/2016/11/16/01/ /2016/11/16/fundamentals-programming-data-types-ii
/2016/11/16/01/fundamentals-programming-data-types-ii/ /2016/11/16/fundamentals-programming-data-types-ii
/2016/11/24/01/ /2016/11/24/how-to-remove-the-query-string-from-static-assets-on-wordpress
/2016/11/24/01/how-to-remove-the-query-string-from-static-assets-on-wordpress/ /2016/11/24/how-to-remove-the-query-string-from-static-assets-on-wordpress
/2016/11/25/01/ /2016/11/25/differences-between-bits-and-bytes
/2016/11/25/01/differences-between-bits-and-bytes/ /2016/11/25/differences-between-bits-and-bytes
/2016/11/differences-between-bits-and-bytes/ /2016/11/25/differences-between-bits-and-bytes
/2016/11/differences-c-plus-sharp/ /2016/11/01/differences-c-plus-sharp
/2016/11/fundamentals-programming-beginning/ /2016/11/10/fundamentals-programming-beginning
/2016/11/fundamentals-programming-constants-variables/ /2016/11/11/fundamentals-programming-constants-variables
/2016/11/fundamentals-programming-data-types-i/ /2016/11/15/fundamentals-programming-data-types-i
/2016/11/fundamentals-programming-data-types-ii/ /2016/11/16/fundamentals-programming-data-types-ii
/2016/11/fundamentals-programming-language-c/ /2016/11/14/fundamentals-programming-language-c
/2016/11/fundamentals-programming-paradigms/ /2016/11/12/fundamentals-programming-paradigms
/2016/11/how-to-remove-the-query-string-from-static-assets-on-wordpress/ /2016/11/24/how-to-remove-the-query-string-from-static-assets-on-wordpress
/2017/07/12/01/ /2017/07/12/how-did-i-start-working-remotely-at-a-startup
/2017/07/12/01/how-did-i-start-working-remotely-at-a-startup/ /2017/07/12/how-did-i-start-working-remotely-at-a-startup
/2017/07/how-did-i-start-working-remotely-at-a-startup/ /2017/07/12/how-did-i-start-working-remotely-at-a-startup
/2017/09/08/01/ /2017/09/08/how-to-create-a-web-server-in-go
/2017/09/08/01/how-to-create-a-web-server-in-go/ /2017/09/08/how-to-create-a-web-server-in-go
/2017/09/how-to-create-a-web-server-in-go/ /2017/09/08/how-to-create-a-web-server-in-go
/2018/10/27/01/ /2018/10/27/working-at-protocol-labs
/2018/10/27/01/working-at-protocol-labs/ /2018/10/27/working-at-protocol-labs
/2018/10/working-at-protocol-labs/ /2018/10/27/working-at-protocol-labs
/2019/04/18/01/ /2019/04/18/trying-pixel-art
/2019/04/18/01/trying-pixel-art/ /2019/04/18/trying-pixel-art
/2019/04/trying-pixel-art/ /2019/04/18/trying-pixel-art
/2019/07/05/01/ /2019/07/05/mirrorring-xkcd-ipfs
/2019/07/05/01/mirrorring-xkcd-ipfs/ /2019/07/05/mirrorring-xkcd-ipfs
/2019/07/mirrorring-xkcd-ipfs/ /2019/07/05/mirrorring-xkcd-ipfs
/2019/08/07/01/ /2019/08/07/decentralizing-my-website-with-ipfs
/2019/08/07/01/decentralizing-my-website-with-ipfs/ /2019/08/07/decentralizing-my-website-with-ipfs
/2019/08/decentralizing-my-website-with-ipfs/ /2019/08/07/decentralizing-my-website-with-ipfs
/2019/12/20/01/ /2019/12/20/quick-dive-into-dweb-ipfs
/2019/12/20/01/quick-dive-into-dweb-ipfs/ /2019/12/20/quick-dive-into-dweb-ipfs
/2019/12/24/01/ /2019/12/24/own-your-data
/2019/12/24/01/own-your-data/ /2019/12/24/own-your-data
/2019/12/27/05/ /2019/12/27/hi-micropub
/2019/12/27/05/hi-micropub/ /2019/12/27/hi-micropub
/2019/12/27/12/ /2019/12/27/webmentions
/2019/12/27/12/webmentions/ /2019/12/27/webmentions
/2019/12/28/06/ /2019/12/28/url-structure
/2019/12/28/06/url-structure/ /2019/12/28/url-structure
/2019/12/30/04/ /2019/12/30/webring
/2019/12/30/04/webring/ /2019/12/30/webring
/2019/12/30/09/ /2019/12/30/using-indieauth
/2019/12/30/09/using-indieauth/ /2019/12/30/using-indieauth
/2019/12/31/04/ /2019/12/31/two-packages
/2019/12/31/04/two-packages/ /2019/12/31/two-packages
/2019/12/own-your-data/ /2019/12/24/own-your-data
/2019/12/quick-dive-into-dweb-ipfs/ /2019/12/20/quick-dive-into-dweb-ipfs
/2020/01/01/01/ /2020/01/01/welcome-2020
/2020/01/01/01/welcome-2020/ /2020/01/01/welcome-2020
/2020/01/01/03/ /2020/01/01/2020-just-begun
/2020/01/01/03/2020-just-begun/ /2020/01/01/2020-just-begun
/2020/01/01/06/ /2020/01/01/what-do-you-thi
/2020/01/01/06/what-do-you-thi/ /2020/01/01/what-do-you-thi
/2020/01/01/12/ /2020/01/01/building-micropub
/2020/01/01/12/building-micropub/ /2020/01/01/building-micropub
/2020/01/02/6/ /2020/01/02/dynamic-static
/2020/01/02/6/dynamic-static/ /2020/01/02/dynamic-static
/2020/01/02/7/ /2020/01/02/r1
/2020/01/06/1/ /2020/01/06/it-s-been-quite
/2020/01/06/1/it-s-been-quite/ /2020/01/06/it-s-been-quite
/2020/01/09/1/ /2020/01/09/finally-the-ma
/2020/01/09/1/finally-the-ma/ /2020/01/09/finally-the-ma
/2020/01/09/3/ /2020/01/09/bye-filebrowser
/2020/01/09/3/bye-filebrowser/ /2020/01/09/bye-filebrowser
/2020/01/09/5/ /2020/01/09/r2
/2020/01/09/7/ /2020/01/09/r3
/2020/01/15/1/ /2020/01/15/on-building-my
/2020/01/15/1/on-building-my/ /2020/01/15/on-building-my
/2020/01/16/1/ /2020/01/16/undecided
/2020/01/16/1/undecided/ /2020/01/16/undecided
/2020/01/19/1/ /2020/01/19/n1
/2020/01/19/3/ /2020/01/19/n2
/2020/01/19/4/ /2020/01/19/r4
/2020/01/19/5/ /2020/01/19/n3
/2020/01/19/6/ /2020/01/19/r5
/2020/01/19/7/ /2020/01/19/r6
/2020/01/20/4/ /2020/01/20/weather-terminal
/2020/01/20/4/weather-terminal/ /2020/01/20/weather-terminal
/2020/01/20/5/ /2020/01/20/movie-telnet
/2020/01/20/5/movie-telnet/ /2020/01/20/movie-telnet
/2020/01/21/2/ /2020/01/21/n4
/2020/01/21/3/ /2020/01/21/n5
/2020/01/21/5/ /2020/01/21/n6
/2020/01/22/1/ /2020/01/22/r7
/2020/01/22/2/ /2020/01/22/r8
/2020/01/22/6/ /2020/01/22/r9
/2020/01/22/7/ /2020/01/22/r10
/2020/01/23/01/ /2020/01/23/bye-filebrowser
/2020/01/23/01/bye-filebrowser/ /2020/01/23/bye-filebrowser
/2020/01/24/2/ /2020/01/24/n8
/2020/01/25/1/ /2020/01/25/webmention-comment
/2020/01/25/1/webmention-comment/ /2020/01/25/webmention-comment
/2020/01/25/3/ /2020/01/25/improvements
/2020/01/25/3/improvements/ /2020/01/25/improvements
/2020/01/26/1/ /2020/01/26/optimize-js
/2020/01/26/1/optimize-js/ /2020/01/26/optimize-js
/2020/01/27/2/ /2020/01/27/n9
/2020/01/28/3/ /2020/01/28/n11
/2020/01/28/5/ /2020/01/28/r11
/2020/01/29/2/ /2020/01/29/r12
/2020/01/29/6/ /2020/01/29/owning-reading-log
/2020/01/29/6/owning-reading-log/ /2020/01/29/owning-reading-log
/2020/01/30/12/ /2020/01/30/dead-deadlock
/2020/01/30/12/dead-deadlock/ /2020/01/30/dead-deadlock
/2020/01/30/2/ /2020/01/30/r13
/2020/01/30/4/ /2020/01/30/r14
/2020/01/30/5/ /2020/01/30/r15
/2020/01/30/9/ /2020/01/30/n15
/2020/02/01/1/ /2020/02/01/media-endpoint
/2020/02/01/1/media-endpoint/ /2020/02/01/media-endpoint
/2020/02/07/2/ /2020/02/07/n2
/2020/02/10/1/ /2020/02/10/r1
/2020/02/11/5/ /2020/02/11/r2
/2020/02/12/1/ /2020/02/12/cold-houses
/2020/02/12/1/cold-houses/ /2020/02/12/cold-houses
/2020/02/13/13/ /2020/02/13/ownyourtrakt
/2020/02/13/13/ownyourtrakt/ /2020/02/13/ownyourtrakt
/2020/02/13/14/ /2020/02/13/n3
/2022/06/30/recently /2022/06/30/june-22
/2022/07/31/fbrzfznied /2022/07/31/july-22
/2022/08/14/ezrqbqgghj /2022/08/14/xxiivv-webring
/2022/11/23/09h07m14s20 /2022/11/23/engraving-name-alumni-avenue
/articles/2014/07/12/1/ /2014/07/12/apresentacao
/articles/2014/07/12/1/apresentacao /2014/07/12/apresentacao
/articles/2014/07/14/1/ /2014/07/14/remover-hash-dos-links-continuar-a-ler
/articles/2014/07/14/1/remover-hash-dos-links-continuar-a-ler /2014/07/14/remover-hash-dos-links-continuar-a-ler
/articles/2014/07/16/1/ /2014/07/16/selecionar-um-intervalo-de-linhas-em-mysql
/articles/2014/07/16/1/selecionar-um-intervalo-de-linhas-em-mysql /2014/07/16/selecionar-um-intervalo-de-linhas-em-mysql
/articles/2014/07/17/1/ /2014/07/17/listagem-web-de-uma-tabela-mysql
/articles/2014/07/17/1/listagem-web-de-uma-tabela-mysql /2014/07/17/listagem-web-de-uma-tabela-mysql
/articles/2014/07/20/1/ /2014/07/20/chamadas-ajax-com-jquery-e-php
/articles/2014/07/20/1/chamadas-ajax-com-jquery-e-php /2014/07/20/chamadas-ajax-com-jquery-e-php
/articles/2014/07/22/1/ /2014/07/22/operador-ternario
/articles/2014/07/22/1/operador-ternario /2014/07/22/operador-ternario
/articles/2014/07/23/1/ /2014/07/23/diferencas-entre-igual-identico-php
/articles/2014/07/23/1/diferencas-entre-igual-identico-php /2014/07/23/diferencas-entre-igual-identico-php
/articles/2014/07/30/1/ /2014/07/30/criar-identificadores-unicos-php
/articles/2014/07/30/1/criar-identificadores-unicos-php /2014/07/30/criar-identificadores-unicos-php
/articles/2014/07/apresentacao /2014/07/12/apresentacao
/articles/2014/07/chamadas-ajax-com-jquery-e-php /2014/07/20/chamadas-ajax-com-jquery-e-php
/articles/2014/07/criar-identificadores-unicos-php /2014/07/30/criar-identificadores-unicos-php
/articles/2014/07/diferencas-entre-igual-identico-php /2014/07/23/diferencas-entre-igual-identico-php
/articles/2014/07/listagem-web-de-uma-tabela-mysql /2014/07/17/listagem-web-de-uma-tabela-mysql
/articles/2014/07/operador-ternario /2014/07/22/operador-ternario
/articles/2014/07/remover-hash-dos-links-continuar-a-ler /2014/07/14/remover-hash-dos-links-continuar-a-ler
/articles/2014/07/selecionar-um-intervalo-de-linhas-em-mysql /2014/07/16/selecionar-um-intervalo-de-linhas-em-mysql
/articles/2014/08/02/1/ /2014/08/02/wordpress-adicionar-menus-de-administracao
/articles/2014/08/02/1/wordpress-adicionar-menus-de-administracao /2014/08/02/wordpress-adicionar-menus-de-administracao
/articles/2014/08/11/1/ /2014/08/11/php-tags-docblocks
/articles/2014/08/11/1/php-tags-docblocks /2014/08/11/php-tags-docblocks
/articles/2014/08/14/1/ /2014/08/14/guardar-os-erros-php-num-ficheiro-com-o-htaccess
/articles/2014/08/14/1/guardar-os-erros-php-num-ficheiro-com-o-htaccess /2014/08/14/guardar-os-erros-php-num-ficheiro-com-o-htaccess
/articles/2014/08/20/1/ /2014/08/20/como-utilizar-api-passwords-php-55
/articles/2014/08/20/1/como-utilizar-api-passwords-php-55 /2014/08/20/como-utilizar-api-passwords-php-55
/articles/2014/08/22/1/ /2014/08/22/papers-we-love-um-dos-melhores-repositorios-github
/articles/2014/08/22/1/papers-we-love-um-dos-melhores-repositorios-github /2014/08/22/papers-we-love-um-dos-melhores-repositorios-github
/articles/2014/08/27/1/ /2014/08/27/php-devemos-usar-tag-fechamento-ou-nao
/articles/2014/08/27/1/php-devemos-usar-tag-fechamento-ou-nao /2014/08/27/php-devemos-usar-tag-fechamento-ou-nao
/articles/2014/08/29/1/ /2014/08/29/truques-dicas-em-php
/articles/2014/08/29/1/truques-dicas-em-php /2014/08/29/truques-dicas-em-php
/articles/2014/08/31/1/ /2014/08/31/php-56-funcoes-variadicas-nova-sintaxe
/articles/2014/08/31/1/php-56-funcoes-variadicas-nova-sintaxe /2014/08/31/php-56-funcoes-variadicas-nova-sintaxe
/articles/2014/08/como-utilizar-api-passwords-php-55 /2014/08/20/como-utilizar-api-passwords-php-55
/articles/2014/08/guardar-os-erros-php-num-ficheiro-com-o-htaccess /2014/08/14/guardar-os-erros-php-num-ficheiro-com-o-htaccess
/articles/2014/08/papers-we-love-um-dos-melhores-repositorios-github /2014/08/22/papers-we-love-um-dos-melhores-repositorios-github
/articles/2014/08/php-56-funcoes-variadicas-nova-sintaxe /2014/08/31/php-56-funcoes-variadicas-nova-sintaxe
/articles/2014/08/php-devemos-usar-tag-fechamento-ou-nao /2014/08/27/php-devemos-usar-tag-fechamento-ou-nao
/articles/2014/08/php-tags-docblocks /2014/08/11/php-tags-docblocks
/articles/2014/08/truques-dicas-em-php /2014/08/29/truques-dicas-em-php
/articles/2014/08/wordpress-adicionar-menus-de-administracao /2014/08/02/wordpress-adicionar-menus-de-administracao
/articles/2014/09/02/1/ /2014/09/02/git-historia-repositorios-github
/articles/2014/09/02/1/git-historia-repositorios-github /2014/09/02/git-historia-repositorios-github
/articles/2014/09/09/1/ /2014/09/09/php-interpolacao-concatenacao
/articles/2014/09/09/1/php-interpolacao-concatenacao /2014/09/09/php-interpolacao-concatenacao
/articles/2014/09/13/1/ /2014/09/13/php-wordpress-comandos-printf-sprintf
/articles/2014/09/13/1/php-wordpress-comandos-printf-sprintf /2014/09/13/php-wordpress-comandos-printf-sprintf
/articles/2014/09/21/1/ /2014/09/21/php-como-utilizar-o-gettext-para-traducoes
/articles/2014/09/21/1/php-como-utilizar-o-gettext-para-traducoes /2014/09/21/php-como-utilizar-o-gettext-para-traducoes
/articles/2014/09/28/1/ /2014/09/28/php-como-utilizar-o-gettext-para-traducoes-parte-2
/articles/2014/09/28/1/php-como-utilizar-o-gettext-para-traducoes-parte-2 /2014/09/28/php-como-utilizar-o-gettext-para-traducoes-parte-2
/articles/2014/09/git-historia-repositorios-github /2014/09/02/git-historia-repositorios-github
/articles/2014/09/php-como-utilizar-o-gettext-para-traducoes /2014/09/21/php-como-utilizar-o-gettext-para-traducoes
/articles/2014/09/php-como-utilizar-o-gettext-para-traducoes-parte-2 /2014/09/28/php-como-utilizar-o-gettext-para-traducoes-parte-2
/articles/2014/09/php-interpolacao-concatenacao /2014/09/09/php-interpolacao-concatenacao
/articles/2014/09/php-wordpress-comandos-printf-sprintf /2014/09/13/php-wordpress-comandos-printf-sprintf
/articles/2014/11/07/1/ /2014/11/07/the-society-and-the-objects
/articles/2014/11/07/1/the-society-and-the-objects /2014/11/07/the-society-and-the-objects
/articles/2014/11/14/1/ /2014/11/14/portugal-beautiful-country
/articles/2014/11/14/1/portugal-beautiful-country /2014/11/14/portugal-beautiful-country
/articles/2014/11/22/1/ /2014/11/22/mvc-uma-breve-explicacao
/articles/2014/11/22/1/mvc-uma-breve-explicacao /2014/11/22/mvc-uma-breve-explicacao
/articles/2014/11/mvc-uma-breve-explicacao /2014/11/22/mvc-uma-breve-explicacao
/articles/2014/11/portugal-beautiful-country /2014/11/14/portugal-beautiful-country
/articles/2014/11/the-society-and-the-objects /2014/11/07/the-society-and-the-objects
/articles/2014/12/18/1/ /2014/12/18/mvc-linguagem-php
/articles/2014/12/18/1/mvc-linguagem-php /2014/12/18/mvc-linguagem-php
/articles/2014/12/19/1/ /2014/12/19/mvc-linguagem-php-ii
/articles/2014/12/19/1/mvc-linguagem-php-ii /2014/12/19/mvc-linguagem-php-ii
/articles/2014/12/20/1/ /2014/12/20/mvc-linguagem-php-iii
/articles/2014/12/20/1/mvc-linguagem-php-iii /2014/12/20/mvc-linguagem-php-iii
/articles/2014/12/21/1/ /2014/12/21/mvc-linguagem-php-iv
/articles/2014/12/21/1/mvc-linguagem-php-iv /2014/12/21/mvc-linguagem-php-iv
/articles/2014/12/mvc-linguagem-php /2014/12/18/mvc-linguagem-php
/articles/2014/12/mvc-linguagem-php-ii /2014/12/19/mvc-linguagem-php-ii
/articles/2014/12/mvc-linguagem-php-iii /2014/12/20/mvc-linguagem-php-iii
/articles/2014/12/mvc-linguagem-php-iv /2014/12/21/mvc-linguagem-php-iv
/articles/2015/01/26/1/ /2015/01/26/postura-perante-matematica
/articles/2015/01/26/1/postura-perante-matematica /2015/01/26/postura-perante-matematica
/articles/2015/01/postura-perante-matematica /2015/01/26/postura-perante-matematica
/articles/2015/02/11/1/ /2015/02/11/i-have-moved-again
/articles/2015/02/11/1/i-have-moved-again /2015/02/11/i-have-moved-again
/articles/2015/02/28/1/ /2015/02/28/o-rei-que-tudo-perdeu
/articles/2015/02/28/1/o-rei-que-tudo-perdeu /2015/02/28/o-rei-que-tudo-perdeu
/articles/2015/02/i-have-moved-again /2015/02/11/i-have-moved-again
/articles/2015/02/o-rei-que-tudo-perdeu /2015/02/28/o-rei-que-tudo-perdeu
/articles/2015/03/13/1/ /2015/03/13/technology-good-bad
/articles/2015/03/13/1/technology-good-bad /2015/03/13/technology-good-bad
/articles/2015/03/15/1/ /2015/03/15/pi-day-2015
/articles/2015/03/15/1/pi-day-2015 /2015/03/15/pi-day-2015
/articles/2015/03/31/1/ /2015/03/31/how-to-create-a-node-js-command-line-application
/articles/2015/03/31/1/how-to-create-a-node-js-command-line-application /2015/03/31/how-to-create-a-node-js-command-line-application
/articles/2015/03/how-to-create-a-node-js-command-line-application /2015/03/31/how-to-create-a-node-js-command-line-application
/articles/2015/03/pi-day-2015 /2015/03/15/pi-day-2015
/articles/2015/03/technology-good-bad /2015/03/13/technology-good-bad
/articles/2015/04/06/1/ /2015/04/06/3-things-i-would-like-to-be
/articles/2015/04/06/1/3-things-i-would-like-to-be /2015/04/06/3-things-i-would-like-to-be
/articles/2015/04/3-things-i-would-like-to-be /2015/04/06/3-things-i-would-like-to-be
/articles/2015/06/10/1/ /2014/07/28/php-diferencas-operadores-logicos-precedencia
/articles/2015/06/10/1/php-diferencas-operadores-logicos-precedencia /2014/07/28/php-diferencas-operadores-logicos-precedencia
/articles/2015/06/10/2/ /2014/08/04/wordpress-adicionar-menus-de-administracao-parte-2
/articles/2015/06/10/2/wordpress-adicionar-menus-de-administracao-parte-2 /2014/08/04/wordpress-adicionar-menus-de-administracao-parte-2
/articles/2015/06/php-diferencas-operadores-logicos-precedencia /2014/07/28/php-diferencas-operadores-logicos-precedencia
/articles/2015/06/wordpress-adicionar-menus-de-administracao-parte-2 /2014/08/04/wordpress-adicionar-menus-de-administracao-parte-2
/articles/2015/07/12/1/ /2015/07/12/imperfections-make-us-perfect
/articles/2015/07/12/1/imperfections-make-us-perfect /2015/07/12/imperfections-make-us-perfect
/articles/2015/07/27/1/ /2015/07/27/stop-complaining-do
/articles/2015/07/27/1/stop-complaining-do /2015/07/27/stop-complaining-do
/articles/2015/07/imperfections-make-us-perfect /2015/07/12/imperfections-make-us-perfect
/articles/2015/07/stop-complaining-do /2015/07/27/stop-complaining-do
/articles/2015/08/12/1/ /2015/08/12/farewell-wordpress-hello-hugo
/articles/2015/08/12/1/farewell-wordpress-hello-hugo /2015/08/12/farewell-wordpress-hello-hugo
/articles/2015/08/19/1/ /2015/08/19/something-about-future
/articles/2015/08/19/1/something-about-future /2015/08/19/something-about-future
/articles/2015/08/26/1/ /2015/08/26/portugal-amazing-country
/articles/2015/08/26/1/portugal-amazing-country /2015/08/26/portugal-amazing-country
/articles/2015/08/farewell-wordpress-hello-hugo /2015/08/12/farewell-wordpress-hello-hugo
/articles/2015/08/portugal-amazing-country /2015/08/26/portugal-amazing-country
/articles/2015/08/something-about-future /2015/08/19/something-about-future
/articles/2015/09/11/1/ /2015/09/11/the-first-day-at-your-brand-new-job
/articles/2015/09/11/1/the-first-day-at-your-brand-new-job /2015/09/11/the-first-day-at-your-brand-new-job
/articles/2015/09/the-first-day-at-your-brand-new-job /2015/09/11/the-first-day-at-your-brand-new-job
/articles/2015/11/14/1/ /2015/11/14/intermittent-threads
/articles/2015/11/14/1/intermittent-threads /2015/11/14/intermittent-threads
/articles/2015/11/14/2/ /2015/11/14/uncertain-state
/articles/2015/11/14/2/uncertain-state /2015/11/14/uncertain-state
/articles/2015/11/15/1/ /2015/11/15/verdades-incognitas
/articles/2015/11/15/1/verdades-incognitas /2015/11/15/verdades-incognitas
/articles/2015/11/intermittent-threads /2015/11/14/intermittent-threads
/articles/2015/11/uncertain-state /2015/11/14/uncertain-state
/articles/2015/11/verdades-incognitas /2015/11/15/verdades-incognitas
/articles/2015/12/31/1/ /2015/12/31/new-year-resolutions-2016
/articles/2015/12/31/1/new-year-resolutions-2016 /2015/12/31/new-year-resolutions-2016
/articles/2015/12/new-year-resolutions-2016 /2015/12/31/new-year-resolutions-2016
/articles/2016/03/05/1/ /2016/03/05/hello-world
/articles/2016/03/05/1/hello-world /2016/03/05/hello-world
/articles/2016/03/hello-world /2016/03/05/hello-world
/articles/2016/11/01/1/ /2016/11/01/differences-c-plus-sharp
/articles/2016/11/01/1/differences-c-plus-sharp /2016/11/01/differences-c-plus-sharp
/articles/2016/11/10/1/ /2016/11/10/fundamentals-programming-beginning
/articles/2016/11/10/1/fundamentals-programming-beginning /2016/11/10/fundamentals-programming-beginning
/articles/2016/11/11/1/ /2016/11/11/fundamentals-programming-constants-variables
/articles/2016/11/11/1/fundamentals-programming-constants-variables /2016/11/11/fundamentals-programming-constants-variables
/articles/2016/11/12/1/ /2016/11/12/fundamentals-programming-paradigms
/articles/2016/11/12/1/fundamentals-programming-paradigms /2016/11/12/fundamentals-programming-paradigms
/articles/2016/11/14/1/ /2016/11/14/fundamentals-programming-language-c
/articles/2016/11/14/1/fundamentals-programming-language-c /2016/11/14/fundamentals-programming-language-c
/articles/2016/11/15/1/ /2016/11/15/fundamentals-programming-data-types-i
/articles/2016/11/15/1/fundamentals-programming-data-types-i /2016/11/15/fundamentals-programming-data-types-i
/articles/2016/11/16/1/ /2016/11/16/fundamentals-programming-data-types-ii
/articles/2016/11/16/1/fundamentals-programming-data-types-ii /2016/11/16/fundamentals-programming-data-types-ii
/articles/2016/11/24/1/ /2016/11/24/how-to-remove-the-query-string-from-static-assets-on-wordpress
/articles/2016/11/24/1/how-to-remove-the-query-string-from-static-assets-on-wordpress /2016/11/24/how-to-remove-the-query-string-from-static-assets-on-wordpress
/articles/2016/11/25/1/ /2016/11/25/differences-between-bits-and-bytes
/articles/2016/11/25/1/differences-between-bits-and-bytes /2016/11/25/differences-between-bits-and-bytes
/articles/2016/11/differences-between-bits-and-bytes /2016/11/25/differences-between-bits-and-bytes
/articles/2016/11/differences-c-plus-sharp /2016/11/01/differences-c-plus-sharp
/articles/2016/11/fundamentals-programming-beginning /2016/11/10/fundamentals-programming-beginning
/articles/2016/11/fundamentals-programming-constants-variables /2016/11/11/fundamentals-programming-constants-variables
/articles/2016/11/fundamentals-programming-data-types-i /2016/11/15/fundamentals-programming-data-types-i
/articles/2016/11/fundamentals-programming-data-types-ii /2016/11/16/fundamentals-programming-data-types-ii
/articles/2016/11/fundamentals-programming-language-c /2016/11/14/fundamentals-programming-language-c
/articles/2016/11/fundamentals-programming-paradigms /2016/11/12/fundamentals-programming-paradigms
/articles/2016/11/how-to-remove-the-query-string-from-static-assets-on-wordpress /2016/11/24/how-to-remove-the-query-string-from-static-assets-on-wordpress
/articles/2017/07/12/1/ /2017/07/12/how-did-i-start-working-remotely-at-a-startup
/articles/2017/07/12/1/how-did-i-start-working-remotely-at-a-startup /2017/07/12/how-did-i-start-working-remotely-at-a-startup
/articles/2017/07/how-did-i-start-working-remotely-at-a-startup /2017/07/12/how-did-i-start-working-remotely-at-a-startup
/articles/2017/09/08/1/ /2017/09/08/how-to-create-a-web-server-in-go
/articles/2017/09/08/1/how-to-create-a-web-server-in-go /2017/09/08/how-to-create-a-web-server-in-go
/articles/2017/09/how-to-create-a-web-server-in-go /2017/09/08/how-to-create-a-web-server-in-go
/articles/2018/10/27/1/ /2018/10/27/working-at-protocol-labs
/articles/2018/10/27/1/working-at-protocol-labs /2018/10/27/working-at-protocol-labs
/articles/2018/10/working-at-protocol-labs /2018/10/27/working-at-protocol-labs
/articles/2019/04/18/1/ /2019/04/18/trying-pixel-art
/articles/2019/04/18/1/trying-pixel-art /2019/04/18/trying-pixel-art
/articles/2019/04/trying-pixel-art /2019/04/18/trying-pixel-art
/articles/2019/07/05/1/ /2019/07/05/mirrorring-xkcd-ipfs
/articles/2019/07/05/1/mirrorring-xkcd-ipfs /2019/07/05/mirrorring-xkcd-ipfs
/articles/2019/07/mirrorring-xkcd-ipfs /2019/07/05/mirrorring-xkcd-ipfs
/articles/2019/08/07/1/ /2019/08/07/decentralizing-my-website-with-ipfs
/articles/2019/08/07/1/decentralizing-my-website-with-ipfs /2019/08/07/decentralizing-my-website-with-ipfs
/articles/2019/08/decentralizing-my-website-with-ipfs /2019/08/07/decentralizing-my-website-with-ipfs
/articles/2019/12/20/1/ /2019/12/20/quick-dive-into-dweb-ipfs
/articles/2019/12/20/1/quick-dive-into-dweb-ipfs /2019/12/20/quick-dive-into-dweb-ipfs
/articles/2019/12/24/1/ /2019/12/24/own-your-data
/articles/2019/12/24/1/own-your-data /2019/12/24/own-your-data
/articles/2019/12/28/1/ /2019/12/28/url-structure
/articles/2019/12/28/1/url-structure /2019/12/28/url-structure
/articles/2019/12/30/1/ /2019/12/30/using-indieauth
/articles/2019/12/30/1/using-indieauth /2019/12/30/using-indieauth
/articles/2019/12/own-your-data /2019/12/24/own-your-data
/articles/2019/12/quick-dive-into-dweb-ipfs /2019/12/20/quick-dive-into-dweb-ipfs
/articles/2019/12/url-structure /2019/12/28/url-structure
/articles/2019/12/using-indieauth /2019/12/30/using-indieauth
/articles/2020/01/01/1/ /2020/01/01/building-micropub
/articles/2020/01/01/1/building-micropub /2020/01/01/building-micropub
/articles/2020/01/02/1/ /2020/01/02/dynamic-static
/articles/2020/01/02/1/dynamic-static /2020/01/02/dynamic-static
/articles/2020/01/23/1/ /2020/01/23/bye-filebrowser
/articles/2020/01/23/1/bye-filebrowser /2020/01/23/bye-filebrowser
/articles/2020/01/29/1/ /2020/01/29/owning-reading-log
/articles/2020/01/29/1/owning-reading-log /2020/01/29/owning-reading-log
/articles/2020/01/building-micropub /2020/01/01/building-micropub
/articles/2020/01/bye-filebrowser /2020/01/23/bye-filebrowser
/articles/2020/01/dynamic-static /2020/01/02/dynamic-static
/articles/2020/01/owning-reading-log /2020/01/29/owning-reading-log
/articles/2020/02/13/1/ /2020/02/13/ownyourtrakt
/articles/2020/02/13/1/ownyourtrakt /2020/02/13/ownyourtrakt
/articles/2020/02/22/1/ /2020/02/22/trakt-analysis
/articles/2020/02/22/1/trakt-analysis /2020/02/22/trakt-analysis
/articles/2020/02/29/1/ /2020/02/29/notable-to-hugo
/articles/2020/02/29/1/notable-to-hugo /2020/02/29/notable-to-hugo
/articles/2020/02/notable-to-hugo /2020/02/29/notable-to-hugo
/articles/2020/02/ownyourtrakt /2020/02/13/ownyourtrakt
/articles/2020/02/trakt-analysis /2020/02/22/trakt-analysis
/articles/2020/05/back-90s /2020/05/31/back-90s
/articles/2020/05/cleaning-up-website /2020/05/10/cleaning-up-website
/articles/2020/09/recently /2020/09/21/recently
/articles/2020/09/the-future-is-decentralized /2020/09/20/the-future-is-decentralized
/articles/2020/10/rebuilding-eagle-cms /2020/10/12/rebuilding-eagle-cms
/articles/2020/10/recently /2020/10/01/recently
/articles/2020/10/testing-p2p-systems-testground /2020/10/19/testing-p2p-systems-testground
/articles/2020/10/thinking-out-loud-master-project /2020/10/05/thinking-out-loud-master-project
/articles/2020/10/why-have-your-website /2020/10/26/why-have-your-website
/articles/2020/11/access-network-behind-cgnat /2020/11/30/access-network-behind-cgnat
/articles/2020/11/backing-up-email /2020/11/02/backing-up-email
/articles/2020/11/recently /2020/11/01/recently
/articles/2020/11/sweeping-lines /2020/11/16/sweeping-lines
/articles/2020/12/recently /2020/12/01/recently
/articles/2021/01/recently /2021/01/01/recently
/articles/2021/02/is-it-time-build-cms /2021/02/04/is-it-time-build-cms
/articles/2021/02/lessons-moving-during-pandemic /2021/02/01/lessons-moving-during-pandemic
/articles/2021/02/magic-fractal-snowflakes /2021/02/15/magic-fractal-snowflakes
/articles/2021/03/recently /2021/03/01/recently
/articles/2021/04/recently /2021/04/01/recently
/articles/2021/05/cd-alias-completions-zsh/ /2021/05/30/cd-alias-completions-zsh
/articles/2021/05/recently/ /2021/05/01/april-2021
/articles/2021/06/recently/ /2021/06/02/may-2021
/articles/2021/07/recently/ /2021/07/01/june-2021
/articles/2021/08/recently/ /2021/08/01/july-2021
/articles/2021/09/recently/ /2021/09/01/august-2021
/articles/2021/11/05/micropub-update-parsing-uncertainties /2021/11/05/micropub-update-parsing-uncertainties
/articles/april-2021 /2021/05/01/april-2021
/articles/august-2021 /2021/09/01/august-2021
/articles/cd-alias-completions-zsh /2021/05/30/cd-alias-completions-zsh
/articles/eagle-move-away-from-hugo /2021/10/31/eagle-move-away-from-hugo
/articles/july-2021 /2021/08/01/july-2021
/articles/june-2021 /2021/07/01/june-2021
/articles/may-2021 /2021/06/02/may-2021
/articles/october-2021 /2021/10/31/october-2021
/articles/september-2021 /2021/09/30/september-2021
/articles/yubikey-setup /2021/10/17/yubikey-setup
/ate /food
/blog/ /articles
/blog/2014/07/apresentacao/ /2014/07/12/apresentacao
/blog/2014/07/chamadas-ajax-com-jquery-e-php/ /2014/07/20/chamadas-ajax-com-jquery-e-php
/blog/2014/07/criar-identificadores-unicos-php/ /2014/07/30/criar-identificadores-unicos-php
/blog/2014/07/diferencas-entre-igual-identico-php/ /2014/07/23/diferencas-entre-igual-identico-php
/blog/2014/07/listagem-web-de-uma-tabela-mysql/ /2014/07/17/listagem-web-de-uma-tabela-mysql
/blog/2014/07/operador-ternario/ /2014/07/22/operador-ternario
/blog/2014/07/remover-hash-dos-links-continuar-a-ler/ /2014/07/14/remover-hash-dos-links-continuar-a-ler
/blog/2014/07/selecionar-um-intervalo-de-linhas-em-mysql/ /2014/07/16/selecionar-um-intervalo-de-linhas-em-mysql
/blog/2014/08/como-utilizar-api-passwords-php-55/ /2014/08/20/como-utilizar-api-passwords-php-55
/blog/2014/08/guardar-os-erros-php-num-ficheiro-com-o-htaccess/ /2014/08/14/guardar-os-erros-php-num-ficheiro-com-o-htaccess
/blog/2014/08/papers-we-love-um-dos-melhores-repositorios-github/ /2014/08/22/papers-we-love-um-dos-melhores-repositorios-github
/blog/2014/08/php-56-funcoes-variadicas-nova-sintaxe/ /2014/08/31/php-56-funcoes-variadicas-nova-sintaxe
/blog/2014/08/php-devemos-usar-tag-fechamento-ou-nao/ /2014/08/27/php-devemos-usar-tag-fechamento-ou-nao
/blog/2014/08/php-tags-docblocks/ /2014/08/11/php-tags-docblocks
/blog/2014/08/truques-dicas-em-php/ /2014/08/29/truques-dicas-em-php
/blog/2014/08/wordpress-adicionar-menus-de-administracao/ /2014/08/02/wordpress-adicionar-menus-de-administracao
/blog/2014/09/git-historia-repositorios-github/ /2014/09/02/git-historia-repositorios-github
/blog/2014/09/php-como-utilizar-o-gettext-para-traducoes-parte-2/ /2014/09/28/php-como-utilizar-o-gettext-para-traducoes-parte-2
/blog/2014/09/php-como-utilizar-o-gettext-para-traducoes/ /2014/09/21/php-como-utilizar-o-gettext-para-traducoes
/blog/2014/09/php-interpolacao-concatenacao/ /2014/09/09/php-interpolacao-concatenacao
/blog/2014/09/php-wordpress-comandos-printf-sprintf/ /2014/09/13/php-wordpress-comandos-printf-sprintf
/blog/2014/11/mvc-uma-breve-explicacao/ /2014/11/22/mvc-uma-breve-explicacao
/blog/2014/11/portugal-beautiful-country/ /2014/11/14/portugal-beautiful-country
/blog/2014/11/the-society-and-the-objects/ /2014/11/07/the-society-and-the-objects
/blog/2014/12/mvc-linguagem-php-ii/ /2014/12/19/mvc-linguagem-php-ii
/blog/2014/12/mvc-linguagem-php-iii/ /2014/12/20/mvc-linguagem-php-iii
/blog/2014/12/mvc-linguagem-php-iv/ /2014/12/21/mvc-linguagem-php-iv
/blog/2014/12/mvc-linguagem-php/ /2014/12/18/mvc-linguagem-php
/blog/2015/01/postura-perante-matematica/ /2015/01/26/postura-perante-matematica
/blog/2015/02/i-have-moved-again/ /2015/02/11/i-have-moved-again
/blog/2015/02/o-rei-que-tudo-perdeu/ /2015/02/28/o-rei-que-tudo-perdeu
/blog/2015/03/how-to-create-a-node-js-command-line-application/ /2015/03/31/how-to-create-a-node-js-command-line-application
/blog/2015/03/pi-day-2015/ /2015/03/15/pi-day-2015
/blog/2015/03/technology-good-bad/ /2015/03/13/technology-good-bad
/blog/2015/04/3-things-i-would-like-to-be/ /2015/04/06/3-things-i-would-like-to-be
/blog/2015/06/php-diferencas-operadores-logicos-precedencia/ /2014/07/28/php-diferencas-operadores-logicos-precedencia
/blog/2015/06/wordpress-adicionar-menus-de-administracao-parte-2/ /2014/08/04/wordpress-adicionar-menus-de-administracao-parte-2
/blog/2015/07/imperfections-make-us-perfect/ /2015/07/12/imperfections-make-us-perfect
/blog/2015/07/stop-complaining-do/ /2015/07/27/stop-complaining-do
/blog/2015/08/farewell-wordpress-hello-hugo/ /2015/08/12/farewell-wordpress-hello-hugo
/blog/2015/08/portugal-amazing-country/ /2015/08/26/portugal-amazing-country
/blog/2015/08/something-about-future/ /2015/08/19/something-about-future
/blog/2015/09/the-first-day-at-your-brand-new-job/ /2015/09/11/the-first-day-at-your-brand-new-job
/blog/2015/11/intermittent-threads/ /2015/11/14/intermittent-threads
/blog/2015/11/uncertain-state/ /2015/11/14/uncertain-state
/blog/2015/11/verdades-incognitas/ /2015/11/15/verdades-incognitas
/blog/2015/12/new-year-resolutions-2016/ /2015/12/31/new-year-resolutions-2016
/blog/2016/03/hello-world/ /2016/03/05/hello-world
/blog/2017/07/how-did-i-start-working-remotely-at-a-startup/ /2017/07/12/how-did-i-start-working-remotely-at-a-startup
/blog/2018/10/working-at-protocol-labs/ /2018/10/27/working-at-protocol-labs
/blog/2019/04/trying-pixel-art/ /2019/04/18/trying-pixel-art
/blog/2019/07/mirrorring-xkcd-ipfs/ /2019/07/05/mirrorring-xkcd-ipfs
/blog/2019/08/decentralizing-my-website-with-ipfs/ /2019/08/07/decentralizing-my-website-with-ipfs
/blog/2019/12/quick-dive-into-dweb-ipfs/ /2019/12/20/quick-dive-into-dweb-ipfs
/blog/3-things-i-would-like-to-be/ /2015/04/06/3-things-i-would-like-to-be
/blog/apresentacao/ /2014/07/12/apresentacao
/blog/chamadas-ajax-com-jquery-e-php/ /2014/07/20/chamadas-ajax-com-jquery-e-php
/blog/como-utilizar-api-passwords-php-55/ /2014/08/20/como-utilizar-api-passwords-php-55
/blog/criar-identificadores-unicos-php/ /2014/07/30/criar-identificadores-unicos-php
/blog/decentralizing-my-website-with-ipfs/ /2019/08/07/decentralizing-my-website-with-ipfs
/blog/diferencas-entre-igual-identico-php/ /2014/07/23/diferencas-entre-igual-identico-php
/blog/farewell-wordpress-hello-hugo/ /2015/08/12/farewell-wordpress-hello-hugo
/blog/git-historia-repositorios-github/ /2014/09/02/git-historia-repositorios-github
/blog/guardar-os-erros-php-num-ficheiro-com-o-htaccess/ /2014/08/14/guardar-os-erros-php-num-ficheiro-com-o-htaccess
/blog/hello-world/ /2016/03/05/hello-world
/blog/how-did-i-start-working-remotely-at-a-startup/ /2017/07/12/how-did-i-start-working-remotely-at-a-startup
/blog/how-to-create-a-node-js-command-line-application/ /2015/03/31/how-to-create-a-node-js-command-line-application
/blog/i-have-moved-again/ /2015/02/11/i-have-moved-again
/blog/imperfections-make-us-perfect/ /2015/07/12/imperfections-make-us-perfect
/blog/intermittent-threads/ /2015/11/14/intermittent-threads
/blog/listagem-web-de-uma-tabela-mysql/ /2014/07/17/listagem-web-de-uma-tabela-mysql
/blog/mirrorring-xkcd-ipfs/ /2019/07/05/mirrorring-xkcd-ipfs
/blog/mvc-linguagem-php-ii/ /2014/12/19/mvc-linguagem-php-ii
/blog/mvc-linguagem-php-iii/ /2014/12/20/mvc-linguagem-php-iii
/blog/mvc-linguagem-php-iv/ /2014/12/21/mvc-linguagem-php-iv
/blog/mvc-linguagem-php/ /2014/12/18/mvc-linguagem-php
/blog/mvc-uma-breve-explicacao/ /2014/11/22/mvc-uma-breve-explicacao
/blog/new-year-resolutions-2016/ /2015/12/31/new-year-resolutions-2016
/blog/o-rei-que-tudo-perdeu/ /2015/02/28/o-rei-que-tudo-perdeu
/blog/operador-ternario/ /2014/07/22/operador-ternario
/blog/papers-we-love-um-dos-melhores-repositorios-github/ /2014/08/22/papers-we-love-um-dos-melhores-repositorios-github
/blog/php-56-funcoes-variadicas-nova-sintaxe/ /2014/08/31/php-56-funcoes-variadicas-nova-sintaxe
/blog/php-como-utilizar-o-gettext-para-traducoes-parte-2/ /2014/09/28/php-como-utilizar-o-gettext-para-traducoes-parte-2
/blog/php-como-utilizar-o-gettext-para-traducoes/ /2014/09/21/php-como-utilizar-o-gettext-para-traducoes
/blog/php-devemos-usar-tag-fechamento-ou-nao/ /2014/08/27/php-devemos-usar-tag-fechamento-ou-nao
/blog/php-diferencas-operadores-logicos-precedencia/ /2014/07/28/php-diferencas-operadores-logicos-precedencia
/blog/php-interpolacao-concatenacao/ /2014/09/09/php-interpolacao-concatenacao
/blog/php-tags-docblocks/ /2014/08/11/php-tags-docblocks
/blog/php-wordpress-comandos-printf-sprintf/ /2014/09/13/php-wordpress-comandos-printf-sprintf
/blog/pi-day-2015/ /2015/03/15/pi-day-2015
/blog/portugal-amazing-country/ /2015/08/26/portugal-amazing-country
/blog/portugal-beautiful-country/ /2014/11/14/portugal-beautiful-country
/blog/postura-perante-matematica/ /2015/01/26/postura-perante-matematica
/blog/quick-dive-into-dweb-ipfs/ /2019/12/20/quick-dive-into-dweb-ipfs
/blog/remover-hash-dos-links-continuar-a-ler/ /2014/07/14/remover-hash-dos-links-continuar-a-ler
/blog/selecionar-um-intervalo-de-linhas-em-mysql/ /2014/07/16/selecionar-um-intervalo-de-linhas-em-mysql
/blog/something-about-future/ /2015/08/19/something-about-future
/blog/stop-complaining-do/ /2015/07/27/stop-complaining-do
/blog/technology-good-bad/ /2015/03/13/technology-good-bad
/blog/the-first-day-at-your-brand-new-job/ /2015/09/11/the-first-day-at-your-brand-new-job
/blog/the-society-and-the-objects/ /2014/11/07/the-society-and-the-objects
/blog/truques-dicas-em-php/ /2014/08/29/truques-dicas-em-php
/blog/trying-pixel-art/ /2019/04/18/trying-pixel-art
/blog/uncertain-state/ /2015/11/14/uncertain-state
/blog/verdades-incognitas/ /2015/11/15/verdades-incognitas
/blog/wordpress-adicionar-menus-de-administracao-parte-2/ /2014/08/04/wordpress-adicionar-menus-de-administracao-parte-2
/blog/wordpress-adicionar-menus-de-administracao/ /2014/08/02/wordpress-adicionar-menus-de-administracao
/blog/working-at-protocol-labs/ /2018/10/27/working-at-protocol-labs
/books /readings
/books/before-the-coffee-gets-cold /2022/01/26/before-the-coffee-gets-cold
/books/convenience-store-woman /2022/05/04/convenience-store-woman
/books/earthlings /2022/05/30/earthlings
/books/nightfall-and-other-stories /2022/03/23/nightfall-and-other-stories
/books/o-ano-da-morte-de-ricardo-reis /2022/01/17/o-ano-da-morte-de-ricardo-reis
/books/red-white-royal-blue /2022/01/30/red-white-royal-blue
/books/strange-case-of-dr-jekyll-and-mr-hyde-and-other-stories /2022/03/23/strange-case-of-dr-jekyll-and-mr-hyde-and-other-stories
/books/tales-from-the-cafe /2022/03/02/tales-from-the-cafe
/books/the-house-in-the-cerulean-sea /2022/01/22/the-house-in-the-cerulean-sea
/books/the-midnight-library /2022/02/03/the-midnight-library
/books/this-is-how-you-lose-the-time-war /2022/02/08/this-is-how-you-lose-the-time-war
/books/under-the-whispering-door /2022/02/17/under-the-whispering-door
/drank /food
/experiments /more
/meta /colophon
/colophon /about/#colophon
/micro/2019/09/azulejo-1 /2019/09/15/azulejo-1
/micro/2019/09/azulejo-2 /2019/09/15/azulejo-2
/micro/2019/09/broccoli /2019/09/15/broccoli
/micro/2019/09/magical-tree /2019/09/15/magical-tree
/micro/2019/09/sunflower /2019/09/15/sunflower
/micro/2019/09/watermelon /2019/09/15/watermelon
/micro/2019/12/hi-micropub /2019/12/27/hi-micropub
/micro/2019/12/two-packages /2019/12/31/two-packages
/micro/2019/12/webmentions /2019/12/27/webmentions
/micro/2019/12/webring /2019/12/30/webring
/micro/2020/01/2020-just-begun /2020/01/01/2020-just-begun
/micro/2020/01/ano-estrangeiro /2020/01/22/ano-estrangeiro
/micro/2020/01/bye-filebrowser /2020/01/09/bye-filebrowser
/micro/2020/01/dead-deadlock /2020/01/30/dead-deadlock
/micro/2020/01/finally-the-ma /2020/01/09/finally-the-ma
/micro/2020/01/improvements /2020/01/25/improvements
/micro/2020/01/it-s-been-quite /2020/01/06/it-s-been-quite
/micro/2020/01/movie-telnet /2020/01/20/movie-telnet
/micro/2020/01/n1 /2020/01/19/n1
/micro/2020/01/n11 /2020/01/28/n11
/micro/2020/01/n15 /2020/01/30/n15
/micro/2020/01/n2 /2020/01/19/n2
/micro/2020/01/n3 /2020/01/19/n3
/micro/2020/01/n4 /2020/01/21/n4
/micro/2020/01/n5 /2020/01/21/n5
/micro/2020/01/n6 /2020/01/21/n6
/micro/2020/01/n8 /2020/01/24/n8
/micro/2020/01/n9 /2020/01/27/n9
/micro/2020/01/on-building-my /2020/01/15/on-building-my
/micro/2020/01/optimize-js /2020/01/26/optimize-js
/micro/2020/01/r1 /2020/01/02/r1
/micro/2020/01/r10 /2020/01/22/r10
/micro/2020/01/r11 /2020/01/28/r11
/micro/2020/01/r12 /2020/01/29/r12
/micro/2020/01/r13 /2020/01/30/r13
/micro/2020/01/r14 /2020/01/30/r14
/micro/2020/01/r15 /2020/01/30/r15
/micro/2020/01/r2 /2020/01/09/r2
/micro/2020/01/r3 /2020/01/09/r3
/micro/2020/01/r4 /2020/01/19/r4
/micro/2020/01/r5 /2020/01/19/r5
/micro/2020/01/r6 /2020/01/19/r6
/micro/2020/01/r7 /2020/01/22/r7
/micro/2020/01/r8 /2020/01/22/r8
/micro/2020/01/r9 /2020/01/22/r9
/micro/2020/01/undecided /2020/01/16/undecided
/micro/2020/01/weather-terminal /2020/01/20/weather-terminal
/micro/2020/01/webmention-comment /2020/01/25/webmention-comment
/micro/2020/01/welcome-2020 /2020/01/01/welcome-2020
/micro/2020/01/what-do-you-thi /2020/01/01/what-do-you-thi
/micro/2020/02/caddy-redirects /2020/02/16/caddy-redirects
/micro/2020/02/cold-houses /2020/02/12/cold-houses
/micro/2020/02/media-endpoint /2020/02/01/media-endpoint
/micro/2020/02/n2 /2020/02/07/n2
/micro/2020/02/n3 /2020/02/13/n3
/micro/2020/02/n4 /2020/02/17/n4
/micro/2020/02/n5 /2020/02/21/n5
/micro/2020/02/new-knowledge-base /2020/02/26/new-knowledge-base
/micro/2020/02/r1 /2020/02/10/r1
/micro/2020/02/r2 /2020/02/11/r2
/micro/2020/02/r3 /2020/02/17/r3
/micro/2020/02/r4 /2020/02/24/r4
/micro/2020/02/r5 /2020/02/26/r5
/micro/2020/02/r6 /2020/02/29/r6
/micro/2020/02/removed-watches-checkins /2020/02/17/removed-watches-checkins
/micro/2020/02/updates /2020/02/16/updates
/micro/2020/03/azulejo-3 /2020/03/15/azulejo-3
/micro/2020/03/backup /2020/03/27/backup
/micro/2020/03/covid-19-pandemic /2020/03/11/covid-19-pandemic
/micro/2020/03/emergency /2020/03/18/emergency
/micro/2020/03/i-now-have-activitypub /2020/03/01/i-now-have-activitypub
/micro/2020/03/i-will-survive /2020/03/19/i-will-survive
/micro/2020/03/image-hosting-thoughts /2020/03/06/image-hosting-thoughts
/micro/2020/03/masters /2020/03/30/masters
/micro/2020/03/n1 /2020/03/01/n1
/micro/2020/03/n2 /2020/03/02/n2
/micro/2020/03/n3 /2020/03/05/n3
/micro/2020/03/n4 /2020/03/09/n4
/micro/2020/03/r1 /2020/03/01/r1
/micro/2020/03/r2 /2020/03/01/r2
/micro/2020/03/r3 /2020/03/16/r3
/micro/2020/03/r4 /2020/03/24/r4
/micro/2020/03/remote-desk /2020/03/25/remote-desk
/micro/2020/03/student-day /2020/03/25/student-day
/micro/2020/04/context-boxes /2020/04/08/context-boxes
/micro/2020/04/indieweb-can-be-hard /2020/04/08/indieweb-can-be-hard
/micro/2020/04/pinning-summit /2020/04/21/pinning-summit
/micro/2020/04/pixelart /2020/04/08/pixelart
/micro/2020/04/quarantine /2020/04/26/quarantine
/micro/2020/04/r1 /2020/04/06/r1
/micro/2020/04/r2 /2020/04/08/r2
/micro/2020/04/r3 /2020/04/08/r3
/micro/2020/04/r4 /2020/04/09/r4
/micro/2020/04/r5 /2020/04/09/r5
/micro/2020/04/r6 /2020/04/13/r6
/micro/2020/04/r7 /2020/04/18/r7
/micro/2020/04/witchs-hut /2020/04/15/witchs-hut
/micro/2020/05/holepunching /2020/05/10/holepunching
/micro/2020/05/ipfs-questions /2020/05/19/ipfs-questions
/micro/2020/05/lobsters /2020/05/31/lobsters
/micro/2020/05/online-classes-tue /2020/05/11/online-classes-tue
/micro/2020/05/reply-shared-pictures /2020/05/21/reply-shared-pictures
/micro/2020/05/ton-is-over /2020/05/13/ton-is-over
/micro/2020/05/twitter-posse-improved /2020/05/13/twitter-posse-improved
/micro/2020/05/using-cvs /2020/05/11/using-cvs
/micro/2020/05/using-dnscontrol-and-stow /2020/05/14/using-dnscontrol-and-stow
/micro/2020/06/absolute-urls-rss /2020/06/01/absolute-urls-rss
/micro/2020/06/covid-and-shows /2020/06/30/covid-and-shows
/micro/2020/06/janboddez-rss-relative-links /2020/06/01/janboddez-rss-relative-links
/micro/2020/06/last-exam-bsc /2020/06/24/last-exam-bsc
/micro/2020/06/lobsters /2020/06/01/lobsters
/micro/2020/06/new-member-lobsters /2020/06/03/new-member-lobsters
/micro/2020/06/pride-month /2020/06/01/pride-month
/micro/2020/06/thanks-diogo-redin /2020/06/01/thanks-diogo-redin
/micro/2020/06/thanks-jlelse-90s /2020/06/01/thanks-jlelse-90s
/micro/2020/06/toxic-flower /2020/06/15/toxic-flower
/micro/2020/07/digital-garden /2020/07/25/digital-garden
/micro/2020/07/dutch-newbie /2020/07/14/dutch-newbie
/micro/2020/07/english-vs-portuguese /2020/07/01/english-vs-portuguese
/micro/2020/07/how-to-publish-notes /2020/07/21/how-to-publish-notes
/micro/2020/07/i-miss /2020/07/16/i-miss
/micro/2020/07/new-protoschool-tutorials /2020/07/22/new-protoschool-tutorials
/micro/2020/07/removed-activitypub /2020/07/18/removed-activitypub
/micro/2020/07/too-many-notes-apps /2020/07/20/too-many-notes-apps
/micro/2020/07/wear-masks /2020/07/18/wear-masks
/micro/2020/08/christiaan /2020/08/15/christiaan
/micro/2020/08/coimbra-train-crash /2020/08/01/coimbra-train-crash
/micro/2020/08/plant-pot /2020/08/15/plant-pot
/micro/2020/09/cloudy-eye /2020/09/15/cloudy-eye
/micro/2020/09/feature-not-bug /2020/09/26/feature-not-bug
/micro/2020/09/hugo-for-years /2020/09/26/hugo-for-years
/micro/2020/09/joke-feature-not-bug /2020/09/26/joke-feature-not-bug
/micro/2020/09/new-darkroom /2020/09/25/new-darkroom
/micro/2020/09/thanks-martin /2020/09/26/thanks-martin
/micro/2020/09/two-weeks-eindhoven /2020/09/05/two-weeks-eindhoven
/micro/2020/10/activitypub-struggle-httpsign /2020/10/14/activitypub-struggle-httpsign
/micro/2020/10/deadly-coffee /2020/10/15/deadly-coffee
/micro/2020/10/httpsig-was-the-issue /2020/10/14/httpsig-was-the-issue
/micro/2020/10/infinite-tree /2020/10/15/infinite-tree
/micro/2020/10/is-feed-fixed /2020/10/12/is-feed-fixed
/micro/2020/10/kleine-office-suite /2020/10/12/kleine-office-suite
/micro/2020/10/negative-covid /2020/10/14/negative-covid
/micro/2020/10/serving-mf2 /2020/10/13/serving-mf2
/micro/2020/10/study /2020/10/15/study
/micro/2020/10/trying-activitypub /2020/10/14/trying-activitypub
/micro/2020/11/cgnat /2020/11/24/cgnat
/micro/2020/11/thanks-typos /2020/11/06/thanks-typos
/micro/2020/12/merry-xmas /2020/12/24/merry-xmas
/micro/2020/12/re-crypto-bs /2020/12/10/re-crypto-bs
/micro/2021/01/lovers-coffee /2021/01/15/lovers-coffee
/micro/2021/01/snowy-update /2021/01/18/snowy-update
/micro/2021/02/bought-new-domain /2021/02/02/bought-new-domain
/micro/2021/02/bunnynet-backup /2021/02/13/bunnynet-backup
/micro/2021/02/firefox-pixelated /2021/02/18/firefox-pixelated
/micro/2021/02/re-is-it-time-to-build-my-cms-errors /2021/02/16/re-is-it-time-to-build-my-cms-errors
/micro/2021/02/zzp-nl /2021/02/03/zzp-nl
/micro/2021/03/re-vps-port /2021/03/11/re-vps-port
/micro/2021/04/bedroom-lamp /2021/04/16/bedroom-lamp
/micro/2021/04/blinking-lamps /2021/04/16/blinking-lamps
/micro/2021/04/dreaming-carl-jung /2021/04/16/dreaming-carl-jung
/micro/2021/04/exams-are-done /2021/04/09/exams-are-done
/micro/2021/04/goodreads-api-deprecation /2021/04/21/goodreads-api-deprecation
/micro/2021/04/perfection-saint-exupery /2021/04/16/perfection-saint-exupery
/micro/2021/04/pirilampos-magicos /2021/04/18/pirilampos-magicos
/micro/2021/04/removed-activitypub /2021/04/16/removed-activitypub
/micro/2021/04/reply-hi /2021/04/28/reply-hi
/micro/2021/04/simplicity-vinci /2021/04/16/simplicity-vinci
/micro/2021/04/starry-sky /2021/04/14/starry-sky
/micro/2021/04/valeu-a-pena /2021/04/16/valeu-a-pena
/micro/2021/05/covid-origin-article /2021/05/08/covid-origin-article
/micro/2021/05/css-masonry /2021/05/05/css-masonry
/micro/2021/05/fix-wireguard-post /2021/05/09/fix-wireguard-post
/micro/2021/05/happy-birthday-jlelse /2021/05/07/happy-birthday-jlelse
/micro/2021/05/new-latest-section /2021/05/05/new-latest-section
/micro/2021/05/openssl-fido2 /2021/05/30/openssl-fido2
/micro/2021/05/photos-stories-vs-single /2021/05/11/photos-stories-vs-single
/micro/2021/05/re-marked-text /2021/05/21/re-marked-text
/micro/2021/05/re-nice-guestbooks /2021/05/30/re-nice-guestbooks
/micro/2021/05/refreshed-guestbook /2021/05/02/refreshed-guestbook
/micro/2021/05/tecnico-chemistry-tower /2021/05/04/tecnico-chemistry-tower
/micro/2021/05/updated-css-readings /2021/05/04/updated-css-readings
/micro/2021/06/curl-me /2021/06/06/curl-me
/micro/2021/06/tue-classes-campus /2021/06/22/tue-classes-campus
/micro/2021/09/caddy-redirect-subpath /2021/09/24/caddy-redirect-subpath
/micro/2021/09/defragment-hdd /2021/09/22/defragment-hdd
/micro/2021/09/re-jlelse-caddy-redirect /2021/09/24/re-jlelse-caddy-redirect
/micro/2021/10/eagle-move-away-from-hugo/ /2021/10/31/eagle-move-away-from-hugo
/micro/2021/10/new-eagle-look /2021/10/25/new-eagle-look
/micro/2021/10/re-2021-10-27-busfs /2021/10/27/re-2021-10-27-busfs
/micro/2021/10/re-tailscale-vs-raw-wireguard /2021/10/20/re-tailscale-vs-raw-wireguard
/micro/2021/10/routing-through-tailscale /2021/10/27/routing-through-tailscale
/micro/2021/10/tailscale-vs-raw-wireguard /2021/10/20/tailscale-vs-raw-wireguard
/micro/2021/11/bunny-optimization-engine /2021/11/05/bunny-optimization-engine
/micro/2021/11/compass-availability /2021/11/04/compass-availability
/micro/2021/11/cooking-dutch /2021/11/10/cooking-dutch
/micro/2021/11/eagle-v2-update /2021/11/02/eagle-v2-update
/micro/2021/11/iuahsd /2021/11/08/iuahsd
/micro/2021/11/markdown-shortcodes /2021/11/04/markdown-shortcodes
/micro/2021/11/online-ed /2021/11/10/online-ed
/micro/2021/11/re-32 /2021/11/08/re-32
/micro/2021/11/re-alt-text-photo /2021/11/08/re-alt-text-photo
/micro/2021/11/re-gps-compass /2021/11/04/re-gps-compass
/micro/2021/11/re-gpx-tracks /2021/11/10/re-gpx-tracks
/micro/2021/11/re-kirby /2021/11/02/re-kirby
/micro/2021/11/re-live-edit /2021/11/02/re-live-edit
/micro/2021/11/re-vince /2021/11/12/re-vince
/micro/2021/11/sidecar-vs-separate /2021/11/05/sidecar-vs-separate
/micro/2021/11/xray-jf2-mf2 /2021/11/04/xray-jf2-mf2
/notes/2019/12/27/1/ /2019/12/27/hi-micropub
/notes/2019/12/27/1/hi-micropub/ /2019/12/27/hi-micropub
/notes/2019/12/27/2/ /2019/12/27/webmentions
/notes/2019/12/27/2/webmentions/ /2019/12/27/webmentions
/notes/2019/12/30/1/ /2019/12/30/webring
/notes/2019/12/30/1/webring/ /2019/12/30/webring
/notes/2019/12/31/1/ /2019/12/31/two-packages
/notes/2019/12/31/1/two-packages/ /2019/12/31/two-packages
/notes/2020/01/01/1/ /2020/01/01/welcome-2020
/notes/2020/01/01/1/welcome-2020/ /2020/01/01/welcome-2020
/notes/2020/01/01/2/ /2020/01/01/2020-just-begun
/notes/2020/01/01/2/2020-just-begun/ /2020/01/01/2020-just-begun
/notes/2020/01/01/5/ /2020/01/01/what-do-you-thi
/notes/2020/01/01/5/what-do-you-thi/ /2020/01/01/what-do-you-thi
/notes/2020/01/06/1/ /2020/01/06/it-s-been-quite
/notes/2020/01/06/1/it-s-been-quite/ /2020/01/06/it-s-been-quite
/notes/2020/01/09/1/ /2020/01/09/finally-the-ma
/notes/2020/01/09/1/finally-the-ma/ /2020/01/09/finally-the-ma
/notes/2020/01/09/2/ /2020/01/09/bye-filebrowser
/notes/2020/01/09/2/bye-filebrowser/ /2020/01/09/bye-filebrowser
/notes/2020/01/15/1/ /2020/01/15/on-building-my
/notes/2020/01/15/1/on-building-my/ /2020/01/15/on-building-my
/notes/2020/01/16/1/ /2020/01/16/undecided
/notes/2020/01/16/1/undecided/ /2020/01/16/undecided
/notes/2020/01/19/1/ /2020/01/19/n1
/notes/2020/01/19/2/ /2020/01/19/n2
/notes/2020/01/19/3/ /2020/01/19/n3
/notes/2020/01/20/1/ /2020/01/20/weather-terminal
/notes/2020/01/20/1/weather-terminal/ /2020/01/20/weather-terminal
/notes/2020/01/20/2/ /2020/01/20/movie-telnet
/notes/2020/01/20/2/movie-telnet/ /2020/01/20/movie-telnet
/notes/2020/01/21/1/ /2020/01/21/n4
/notes/2020/01/21/2/ /2020/01/21/n5
/notes/2020/01/21/3/ /2020/01/21/n6
/notes/2020/01/24/1/ /2020/01/24/n8
/notes/2020/01/25/1/ /2020/01/25/webmention-comment
/notes/2020/01/25/1/webmention-comment/ /2020/01/25/webmention-comment
/notes/2020/01/25/2/ /2020/01/25/improvements
/notes/2020/01/25/2/improvements/ /2020/01/25/improvements
/notes/2020/01/26/1/ /2020/01/26/optimize-js
/notes/2020/01/26/1/optimize-js/ /2020/01/26/optimize-js
/notes/2020/01/27/1/ /2020/01/27/n9
/notes/2020/01/28/2/ /2020/01/28/n11
/notes/2020/01/30/2/ /2020/01/30/dead-deadlock
/notes/2020/01/30/2/dead-deadlock/ /2020/01/30/dead-deadlock
/notes/2020/01/30/5/ /2020/01/30/n15
/notes/2020/02/01/1/ /2020/02/01/media-endpoint
/notes/2020/02/01/1/media-endpoint/ /2020/02/01/media-endpoint
/notes/2020/02/07/2/ /2020/02/07/n2
/notes/2020/02/12/1/ /2020/02/12/cold-houses
/notes/2020/02/12/1/cold-houses/ /2020/02/12/cold-houses
/notes/2020/02/13/1/ /2020/02/13/n3
/notes/2020/02/16/1/ /2020/02/16/updates
/notes/2020/02/16/1/updates/ /2020/02/16/updates
/notes/2020/02/17/1/ /2020/02/17/n4
/notes/2020/02/17/2/ /2020/02/17/removed-watches-checkins
/notes/2020/02/17/2/removed-watches-checkins/ /2020/02/17/removed-watches-checkins
/notes/2020/02/21/1/ /2020/02/21/n5
/notes/2020/02/26/1/ /2020/02/26/new-knowledge-base
/notes/2020/02/26/1/new-knowledge-base/ /2020/02/26/new-knowledge-base
/notes/2020/03/01/1/ /2020/03/01/n1
/notes/2020/03/01/2/ /2020/03/01/i-now-have-activitypub
/notes/2020/03/01/2/i-now-have-activitypub/ /2020/03/01/i-now-have-activitypub
/notes/2020/03/02/1/ /2020/03/02/n2
/notes/2020/03/05/1/ /2020/03/05/n3
/notes/2020/03/09/1/ /2020/03/09/n4
/notes/2020/03/11/1/ /2020/03/11/covid-19-pandemic
/notes/2020/03/11/1/covid-19-pandemic/ /2020/03/11/covid-19-pandemic
/notes/2020/03/18/1/ /2020/03/18/emergency
/notes/2020/03/18/1/emergency/ /2020/03/18/emergency
/notes/2020/03/19/1/ /2020/03/19/i-will-survive
/notes/2020/03/19/1/i-will-survive/ /2020/03/19/i-will-survive
/notes/2020/03/25/1/ /2020/03/25/student-day
/notes/2020/03/25/1/student-day/ /2020/03/25/student-day
/notes/2020/03/27/1/ /2020/03/27/backup
/notes/2020/03/27/1/backup/ /2020/03/27/backup
/notes/2020/03/30/1/ /2020/03/30/masters
/notes/2020/03/30/1/masters/ /2020/03/30/masters
/notes/2020/04/08/1/ /2020/04/08/pixelart
/notes/2020/04/08/1/pixelart/ /2020/04/08/pixelart
/notes/2020/04/08/2/ /2020/04/08/indieweb-can-be-hard
/notes/2020/04/08/2/indieweb-can-be-hard/ /2020/04/08/indieweb-can-be-hard
/notes/2020/04/08/3/ /2020/04/08/context-boxes
/notes/2020/04/08/3/context-boxes/ /2020/04/08/context-boxes
/notes/2020/04/21/1/ /2020/04/21/pinning-summit
/notes/2020/04/21/1/pinning-summit/ /2020/04/21/pinning-summit
/notes/2020/04/26/1/ /2020/04/26/quarantine
/notes/2020/04/26/1/i-want/ /2020/04/26/quarantine
/now /tags/now
/photos/2019/azores /2019/09/30/azores
/photos/2019/berlin-heads /2019/07/20/berlin-heads
/photos/2019/camden-mirror /2019/02/16/camden-mirror
/photos/2019/downtown-doors /2019/10/20/downtown-doors
/photos/2019/entrecampos-poente /2019/04/11/entrecampos-poente
/photos/2019/fonte-luminosa /2019/03/26/fonte-luminosa
/photos/2019/glasgow-tunnel /2018/10/09/glasgow-tunnel
/photos/2019/golden-beach /2018/08/26/golden-beach
/photos/2019/infinite-stairs /2018/10/10/infinite-stairs
/photos/2019/monkey /2019/11/20/monkey
/photos/2019/purple /2017/04/10/purple
/photos/2019/snowy-brussels /2019/02/01/snowy-brussels
/photos/2019/swiss-snow /2019/12/15/swiss-snow
/photos/2019/umbrellas /2018/03/30/umbrellas
/photos/2020/april-lockdown /2020/04/28/april-lockdown
/photos/2020/costa-alentejana /2020/06/21/costa-alentejana
/photos/2020/eindhoven-from-tsh /2020/09/21/eindhoven-from-tsh
/photos/2020/lonely-leafs /2020/09/26/lonely-leafs
/photos/2020/march-lockdown /2020/03/31/march-lockdown
/photos/2020/march-sunset-night /2020/03/31/march-sunset-night
/photos/2020/may-lockdown /2020/05/21/may-lockdown
/photos/2020/ponte-25-abril /2020/02/15/ponte-25-abril
/photos/2020/silhouette /2020/09/27/silhouette
/photos/2020/yellow-stairs /2020/09/20/yellow-stairs
/photos/2021/colorful-may /2021/05/30/colorful-may
/photos/2021/eindhoven-sunrise /2021/02/28/eindhoven-sunrise
/photos/2021/eindhoven-winter /2021/02/28/eindhoven-winter
/photos/2021/fire-breathing /2021/09/16/fire-breathing
/photos/2021/fire-steelwool /2021/09/16/fire-steelwool
/photos/2021/foggy-eindhoven /2021/04/09/foggy-eindhoven
/photos/2021/maastricht-i /2021/05/31/maastricht-i
/photos/2021/maastricht-ii /2021/06/01/maastricht-ii
/photos/2021/strijp-s /2021/01/31/strijp-s
/photos/2021/utrecht-i /2021/04/30/utrecht-i
/photos/2021/utrecht-ii /2021/04/30/utrecht-ii
/photos/2021/utrecht-iii /2021/04/30/utrecht-iii
/reads/isbn/9780593357460 /2022/03/23/nightfall-and-other-stories
/reads/isbn/9781250316776 /2022/01/30/red-white-royal-blue
/reads/isbn/9781529029581 /2022/01/26/before-the-coffee-gets-cold
/reads/isbn/9781529050868 /2022/03/02/tales-from-the-cafe
/reads/isbn/9781529087949 /2022/01/22/the-house-in-the-cerulean-sea
/reads/isbn/9781529087987 /2022/02/17/under-the-whispering-door
/reads/isbn/9781529405231 /2022/02/08/this-is-how-you-lose-the-time-war
/reads/isbn/9781783785698 /2022/05/30/earthlings
/reads/isbn/9781786892737 /2022/02/03/the-midnight-library
/reads/isbn/9781846276842 /2022/05/04/convenience-store-woman
/reads/isbn/9781847493781 /2022/03/23/strange-case-of-dr-jekyll-and-mr-hyde-and-other-stories
/reads/isbn/9789720048820 /2022/01/17/o-ano-da-morte-de-ricardo-reis
/replies/2020/01/02/1/ /2020/01/02/r1
/replies/2020/01/09/1/ /2020/01/09/r2
/replies/2020/01/09/2/ /2020/01/09/r3
/replies/2020/01/19/1/ /2020/01/19/r4
/replies/2020/01/19/2/ /2020/01/19/r5
/replies/2020/01/19/3/ /2020/01/19/r6
/replies/2020/01/22/1/ /2020/01/22/r7
/replies/2020/01/22/2/ /2020/01/22/r8
/replies/2020/01/22/3/ /2020/01/22/r9
/replies/2020/01/22/4/ /2020/01/22/r10
/replies/2020/01/28/1/ /2020/01/28/r11
/replies/2020/01/29/1/ /2020/01/29/r12
/replies/2020/01/30/1/ /2020/01/30/r13
/replies/2020/01/30/2/ /2020/01/30/r14
/replies/2020/01/30/3/ /2020/01/30/r15
/replies/2020/02/10/1/ /2020/02/10/r1
/replies/2020/02/11/1/ /2020/02/11/r2
/replies/2020/02/16/1/ /2020/02/16/caddy-redirects
/replies/2020/02/16/1/caddy-redirects/ /2020/02/16/caddy-redirects
/replies/2020/02/17/1/ /2020/02/17/r3
/replies/2020/02/24/1/ /2020/02/24/r4
/replies/2020/02/26/1/ /2020/02/26/r5
/replies/2020/02/29/1/ /2020/02/29/r6
/replies/2020/03/01/1/ /2020/03/01/r1
/replies/2020/03/01/2/ /2020/03/01/r2
/replies/2020/03/06/1/ /2020/03/06/image-hosting-thoughts
/replies/2020/03/06/1/image-hosting-thoughts/ /2020/03/06/image-hosting-thoughts
/replies/2020/03/16/1/ /2020/03/16/r3
/replies/2020/03/24/1/ /2020/03/24/r4
/replies/2020/03/25/1/ /2020/03/25/remote-desk
/replies/2020/03/25/1/remote-desk/ /2020/03/25/remote-desk
/replies/2020/04/06/1/ /2020/04/06/r1
/replies/2020/04/08/1/ /2020/04/08/r2
/replies/2020/04/08/2/ /2020/04/08/r3
/replies/2020/04/09/1/ /2020/04/09/r4
/replies/2020/04/09/2/ /2020/04/09/r5
/replies/2020/04/13/1/ /2020/04/13/r6
/replies/2020/04/18/1/ /2020/04/18/r7
/2022/10/19/kflctqkpsm /2022/10/19/capturing-leiden
/2022/04/27/woskvegmhh /2022/04/27/vintage-london
/2023/03/10/18h52m57s00 /2023/02/10/18h52m57s00
/.atom /feed.xml
/.rss /feed.xml
/.json /feed.json
/photos.atom /photos/feed.xml
/photos.rss /photos/feed.xml
/photos.json /photos/feed.json
/articles.atom /articles/feed.xml
/articles.rss /articles/feed.xml
/articles.json /articles/feed.json
/micro.atom /micro/feed.xml
/micro.rss /micro/feed.xml
/micro.json /micro/feed.json
/readings.atom /readings/feed.xml
/readings.rss /readings/feed.xml
/readings.json /readings/feed.json
/micro/ /notes/
/micro/feed.xml /notes/feed.xml
/micro/feed.json /notes/feed.json
2020/01/20/movie-telnet/ /2020/01/20/watch-ascii-star-wars
2023/01/08/09h49m46s23/ /2023/01/08/ah-now-accepts-mastercard-visa
2022/12/07/17h11m29s25/ /2022/12/07/duolingo-statistics
2022/11/28/14h00m17s69/ /2022/11/28/illegal-numbers
2022/10/20/hwmxnwcycu/ /2022/10/20/dabbling-with-the-idea-of-a-second-brain
2022/06/05/ceyyxyudqi/ /2022/06/05/trying-matrix-decentralized-messaging
2020/03/30/masters/ /2020/03/30/a-new-adventure/
2022/04/27/vkrcxmzfem/ /2022/04/27/crossed-the-english-channel-by-train/
